{
  "pools": [
    {
      "rolls": 1,
      "entries": [
        {
          "type": "minecraft:item",
          "name": "minecraft:crossbow",
          "functions": [
            {
              "function": "minecraft:set_lore",
              "entity": "this",
              "lore": [
                {
                  "translate":"incendium.item.holy_wrath.desc1","fallback":"Породить спираль из огненных шаров",
                  "color": "#ccbb88",
                  "italic": true
                },
                "",
                {
                  "translate":"incendium","fallback":"Индивидуальный Предмет",
                  "color": "#FF8000",
                  "italic": true
                }
              ],
              "mode": "replace_all"
            },
            {
              "function": "minecraft:set_name",
              "entity": "this",
              "name": {
                "translate":"incendium.item.holy_wrath.name","fallback":"Священный гнев",
                "color": "#ffee77",
                "italic": false
              }
            },
            {
              "function": "minecraft:set_custom_data",
              "tag": "{incendium:{item:'holy_wrath'}}"
            },
            {
              "function": "minecraft:set_components",
              "components": {
                "minecraft:custom_model_data": 1450100
              }
            }
          ]
        }
      ]
    }
  ]
}
