{
  "pools": [
    {
      "rolls": 1,
      "entries": [
        {
          "type": "minecraft:item",
          "name": "minecraft:netherite_helmet",
          "functions": [
            {
              "function": "minecraft:set_lore",
              "entity": "this",
              "lore": [
                {
                  "translate": "incendium.item.battle_helm.desc1",
                  "fallback": "Вы можете спрятаться, но не можете",
                  "color": "#ccbb88",
                  "italic": true
                },
                {
                  "translate": "incendium.item.battle_helm.desc2",
                  "fallback": "обогнать TheDancyScout",
                  "color": "#ccbb88",
                  "italic": true
                },
                "",
                {
                  "translate": "incendium.system.patron_item",
                  "fallback": "Предмет покровителя",
                  "color": "#333333",
                  "italic": true
                },
                "",
                {
                  "translate": "incendium",
                  "fallback": "Индивидуальный Предмет",
                  "color": "#FF8000",
                  "italic": true
                }
              ],
              "mode": "replace_all"
            },
            {
              "function": "minecraft:set_name",
              "entity": "this",
              "name": {
                "translate": "incendium.item.battle_helm.name",
                "fallback": "Боевой шлем разведчика",
                "color": "#ff9944",
                "italic": false
              }
            },
            {
              "function": "minecraft:set_custom_data",
              "tag": "{incendium:{item:'scouts_battle_helm'}}"
            },
            {
              "function": "minecraft:set_components",
              "components": {
                "minecraft:custom_model_data": 1450200,
                "minecraft:trim": {
                  "material": "minecraft:emerald",
                  "pattern": "minecraft:sentry"
                }
              }
            }
          ]
        }
      ]
    }
  ]
}
