{
  "pools": [
    {
      "rolls": 1,
      "entries": [
        {
          "type": "minecraft:item",
          "name": "minecraft:map",
          "functions": [
            {
              "function": "minecraft:set_lore",
              "entity": "this",
              "lore": [
                {
                  "translate": "incendium.item.returning_scroll.desc1",
                  "fallback": "Давно забытая техника",
                  "color": "#D393F5",
                  "italic": true
                },
                {
                  "translate": "incendium.item.returning_scroll.desc2",
                  "fallback": "для транспортировки обратно в",
                  "color": "#D393F5",
                  "italic": true
                },
                {
                  "translate": "incendium.item.returning_scroll.desc3",
                  "fallback": "Надземный мир, где все началось...",
                  "color": "#D393F5",
                  "italic": true
                },
                "",
                {
                  "translate": "incendium.system.patron_item",
                  "fallback": "Предмет покровителя",
                  "color": "#333333",
                  "italic": true
                },
                "",
                {
                  "translate": "incendium",
                  "fallback": "Индивидуальный Предмет",
                  "color": "#FF8000",
                  "italic": true
                }
              ],
              "mode": "replace_all"
            },
            {
              "function": "minecraft:set_name",
              "entity": "this",
              "name": {
                "translate": "incendium.item.returning_scroll.name",
                "fallback": "Свиток возвращения",
                "color": "#7F32A9",
                "italic": false
              }
            },
            {
              "function": "minecraft:set_custom_data",
              "tag": "{incendium:{item:'scroll_of_returning'}}"
            },
            {
              "function": "minecraft:set_components",
              "components": {
                "minecraft:custom_model_data": 1450403,
                "minecraft:max_stack_size": 1
              }
            }
          ]
        }
      ]
    }
  ]
}
