{
  "pools": [
    {
      "rolls": 1,
      "entries": [
        {
          "type": "minecraft:item",
          "name": "minecraft:snowball",
          "functions": [
            {
              "function": "minecraft:set_lore",
              "entity": "this",
              "lore": [
                {
                  "translate":"incendium.item.restless_nature.desc1","fallback":"Семя, пропитанное духами",
                  "color": "#169e7e",
                  "italic": true
                },
                {
                  "translate":"incendium.item.restless_nature.desc2","fallback":"с последним желанием возродиться",
                  "color": "#169e7e",
                  "italic": true
                },
                {
                  "translate":"incendium.item.restless_nature.desc3","fallback":"потерянная природа Недр",
                  "color": "#169e7e",
                  "italic": true
                },
                "",
                {
                  "translate":"incendium","fallback":"Индивидуальный Предмет",
                  "color": "#FF8000",
                  "italic": true
                }
              ],
              "mode": "replace_all"
            },
            {
              "function": "minecraft:set_name",
              "entity": "this",
              "name": {
                "translate":"incendium.item.restless_nature.name","fallback":"Беспокойная природа",
                "color": "#137682",
                "italic": false
              }
            },
            {
              "function": "minecraft:set_custom_data",
              "tag": "{incendium:{item:'restless_nature'}}"
            },
            {
              "function": "minecraft:set_components",
              "components": {
                "minecraft:custom_model_data": 1450404
              }
            },
            {
              "function": "minecraft:set_enchantments",
              "enchantments": {
                "minecraft:unbreaking": 1
              }
            }
          ]
        }
      ]
    }
  ]
}
