{
  "display": {
    "icon": {
      "id": "minecraft:elytra"
    },
    "title": {
      "translate": "incendium.advancement.infernal_dunes.inferno.armored_wings.title",
      "fallback": "Выкованный в пламени"
    },
    "description": {
      "translate": "incendium.advancement.infernal_dunes.inferno.armored_wings.desc",
      "fallback": "Используйте Инфернальное перо, чтобы улучшить надкрылья в кузнечном столе."
    },
    "frame": "task",
    "show_toast": true,
    "announce_to_chat": true,
    "hidden": false
  },
  "parent": "incendium:infernal_dunes/inferno/kill",
  "criteria": {
    "requirement": {
      "trigger": "minecraft:inventory_changed",
      "conditions": {
        "items": [
          {
            "items": [
              "minecraft:elytra"
            ],
            "components": {
              "minecraft:custom_data": "{incendium:{id:'infernal_wings'}}"
            }
          }
        ]
      }
    }
  }
}
