{
  "display": {
    "icon": {
      "id": "jigsaw",
      "components": {
        "minecraft:enchantment_glint_override": true
      }
    },
    "title": {
      "translate":"incendium.advancement.infernal_dunes.inferno.kill.title","fallback":"Рассыпаться в прах"
    },
    "description": {
      "translate":"incendium.advancement.infernal_dunes.inferno.kill.desc","fallback":"Переживите последнее заклинание Инферно и получите свою награду"
    },
    "frame": "challenge",
    "show_toast": true,
    "announce_to_chat": true,
    "hidden": false
  },
  "parent": "incendium:infernal_dunes/inferno/run",
  "criteria": {
    "requirement": {
      "trigger": "minecraft:impossible",
      "conditions": {}
    }
  }
}
