{
  "display": {
    "icon": {
      "id": "white_banner",
      "components": {
        "minecraft:enchantment_glint_override": true
      }
    },
    "title": {
      "translate":"incendium.advancement.infernal_dunes.inferno.lunatic_mode.title","fallback":"Режим лунатика"
    },
    "description": {
      "translate":"incendium.advancement.infernal_dunes.inferno.lunatic_mode.desc","fallback":"Выжить в последней фазе Преисподней без доспехов"
    },
    "frame": "challenge",
    "show_toast": true,
    "announce_to_chat": true,
    "hidden": true
  },
  "parent": "incendium:infernal_dunes/inferno/run",
  "criteria": {
    "requirement": {
      "trigger": "minecraft:impossible",
      "conditions": {}
    }
  }
}
