{
  "display": {
    "icon": {
      "id": "minecraft:lectern",
      "components": {
        "minecraft:enchantment_glint_override": true
      }
    },
    "title": {
      "translate":"incendium.advancement.infernal_dunes.inferno.root.title","fallback":"По ту сторону огня"
    },
    "description": {
      "translate":"incendium.advancement.infernal_dunes.inferno.root.desc","fallback":"Святилище... требует жертвоприношения"
    },
    "frame": "goal",
    "show_toast": true,
    "announce_to_chat": true,
    "hidden": false
  },
  "parent": "incendium:infernal_dunes/root",
  "criteria": {
    "requirement": {
      "trigger": "minecraft:location",
      "conditions": {
        "player": {
          "location": {
            "structures": "incendium:infernal_altar"
          }
        }
      }
    }
  }
}
