{
  "display": {
    "icon": {
      "id": "blaze_powder"
    },
    "title": {
      "translate":"incendium.advancement.infernal_dunes.inferno.run.title","fallback":"Беги..."
    },
    "description": {
      "translate":"incendium.advancement.infernal_dunes.inferno.run.desc","fallback":"Вы не можете убить Инферно. Просто выживите, чтобы победить"
    },
    "frame": "task",
    "show_toast": true,
    "announce_to_chat": true,
    "hidden": true
  },
  "parent": "incendium:infernal_dunes/inferno/summon",
  "criteria": {
    "requirement": {
      "trigger": "minecraft:impossible",
      "conditions": {}
    }
  }
}
