{
  "pools": [
    {
      "rolls": 1,
      "entries": [
        {
          "type": "minecraft:item",
          "name": "minecraft:diamond_pickaxe",
          "functions": [
            {
              "function": "minecraft:set_name",
              "name": {
                "translate":"incendium.item.hefty_pickaxe.name","fallback":"Тяжелая кирка",
                "color": "#990025",
                "italic": false
              }
            },
            {
              "function": "minecraft:set_lore",
              "lore": [
                {
                  "translate":"incendium.item.hefty_pickaxe.desc1","fallback":"Экскаватор, ориентированный на работу с сетью",
                  "color": "#880012",
                  "italic": true
                },
                "",
                {
                  "translate":"incendium","fallback":"Индивидуальный Предмет",
                  "color": "#FF8000",
                  "italic": true
                }
              ],
              "mode": "replace_all"
            },
            {
              "function": "minecraft:set_custom_data",
              "tag": "{incendium:{item:'hefty_pickaxe'}}"
            },
            {
              "function": "minecraft:set_components",
              "components": {
                "minecraft:custom_model_data": 1450500
              }
            }
          ]
        }
      ]
    }
  ]
}
