{
  "pools": [
    {
      "rolls": 1,
      "entries": [
        {
          "type": "minecraft:item",
          "name": "minecraft:soul_torch",
          "functions": [
            {
              "function": "minecraft:set_name",
              "name": {
                "translate":"incendium.item.lunacy_torch.name","fallback":"Факел Финикса",
                "color": "#aaccff",
                "italic": false
              }
            },
            {
              "function": "minecraft:set_lore",
              "entity": "this",
              "lore": [
                {
                  "translate":"incendium.item.lunacy_torch.desc1","fallback":"Излучает странный свет, который",
                  "color": "#aaffcc",
                  "italic": true
                },
                {
                  "translate":"incendium.item.lunacy_torch.desc2","fallback":"ослепляет близлежащие пустынные пожары",
                  "color": "#aaffcc",
                  "italic": true
                },
                {
                  "translate":"incendium.item.lunacy_torch.desc3","fallback":"если хранится в вашем инвентаре",
                  "color": "#aaffcc",
                  "italic": true
                },
                "",
                {
                  "translate":"incendium","fallback":"Переведено - FinexStudio",
                  "color": "#FF8000",
                  "italic": true
                }
              ],
              "mode": "replace_all"
            },
            {
              "function": "minecraft:set_custom_data",
              "tag": "{incendium:{item:'torch_of_lunacy'}}"
            },
            {
              "function": "minecraft:set_components",
              "components": {
                "minecraft:custom_model_data": 1450400,
                "minecraft:enchantment_glint_override": true
              }
            }
          ]
        }
      ]
    }
  ]
}
