{
  "display": {
    "icon": {
      "id": "ancient_debris"
    },
    "title": {
      "translate":"incendium.advancement.volcanic_deltas.hidden_debris.title","fallback":"Коварные высоты"
    },
    "description": {
      "translate":"incendium.advancement.volcanic_deltas.hidden_debris.desc","fallback":"Разрабатывайте обнажившиеся древние обломки на высоте вулканических дельт"
    },
    "frame": "challenge",
    "show_toast": true,
    "announce_to_chat": true,
    "hidden": true
  },
  "parent": "incendium:volcanic_deltas/root",
  "rewards": {
    "experience": 100
  },
  "criteria": {
    "requirement": {
      "trigger": "minecraft:bee_nest_destroyed",
      "conditions": {
        "block": "ancient_debris"
      }
    }
  }
}
