{
  "display": {
    "icon": {
      "id": "polished_basalt"
    },
    "title": {
      "translate":"incendium.advancement.volcanic_deltas.root.title","fallback":"Мантия адского пламени"
    },
    "description": {
      "translate":"incendium.advancement.volcanic_deltas.root.desc","fallback":"Войдите в хаотичные вулканические дельты"
    },
    "frame": "task",
    "show_toast": true,
    "announce_to_chat": true,
    "hidden": false
  },
  "parent": "incendium:root",
  "criteria": {
    "incendium:volcanic_deltas": {
      "trigger": "minecraft:location",
      "conditions": {
        "player": {
          "location": {
            "biomes": "incendium:volcanic_deltas",
            "player": {
              "location": {
                "biomes": "incendium:volcanic_deltas"
              }
            }
          }
        }
      }
    }
  }
}
