{
  "display": {
    "icon": {
      "id": "chainmail_chestplate",
      "components": {
        "minecraft:enchantment_glint_override": true
      }
    },
    "title": {
      "translate":"incendium.advancement.withered_forest.chain_armor.title","fallback":"Охотник за привидениями"
    },
    "description": {
      "translate":"incendium.advancement.withered_forest.chain_armor.desc","fallback":"Наденьте цепную броню и используйте ее, чтобы развеять беспокойного духа"
    },
    "frame": "challenge",
    "show_toast": true,
    "announce_to_chat": true,
    "hidden": false
  },
  "parent": "incendium:withered_forest/root",
  "criteria": {
    "requirement": {
      "trigger": "minecraft:impossible"
    }
  }
}
