{
  "display": {
    "icon": {
      "id": "experience_bottle"
    },
    "title": {
      "translate":"incendium.advancement.withered_forest.kill_spirit.title","fallback":"Явления"
    },
    "description": {
      "translate":"incendium.advancement.withered_forest.kill_spirit.desc","fallback":"Убить беспокойный дух"
    },
    "frame": "goal",
    "show_toast": true,
    "announce_to_chat": true,
    "hidden": false
  },
  "parent": "incendium:withered_forest/root",
  "criteria": {
    "requirement": {
      "trigger": "minecraft:player_killed_entity",
      "conditions": {
        "entity": {
          "type": "minecraft:vex",
          "nbt": "{Tags:[\"in.spirit\"]}"
        }
      }
    }
  }
}
