{
  "display": {
    "icon": {
      "id": "blackstone"
    },
    "title": {
      "translate":"incendium.advancement.withered_forest.root.title","fallback":"Древнее поле битвы"
    },
    "description": {
      "translate":"incendium.advancement.withered_forest.root.desc","fallback":"Войдите в Засохший лес, родовое поле битвы Пиглинов и Засохших скелетов."
    },
    "frame": "task",
    "show_toast": true,
    "announce_to_chat": true,
    "hidden": false
  },
  "parent": "incendium:root",
  "criteria": {
    "requirement": {
      "trigger": "minecraft:location",
      "conditions": {
        "player": {
          "location": {
            "biomes": "incendium:withered_forest",
            "player": {
              "location": {
                "biomes": "incendium:withered_forest"
              }
            }
          }
        }
      }
    }
  }
}
