{
  "display": {
    "icon": {
      "id": "minecraft:quartz_block",
      "components": {
        "minecraft:enchantment_glint_override": true
      }
    },
    "title": {
      "translate":"incendium.advancement.quartz_flats.sanctum.root.title","fallback":"Убежище Иллагера?"
    },
    "description": {
      "translate":"incendium.advancement.quartz_flats.sanctum.root.desc","fallback":"Святилище Иллагера может оказаться не таким уж святым..."
    },
    "frame": "goal",
    "show_toast": true,
    "announce_to_chat": true,
    "hidden": false
  },
  "parent": "incendium:quartz_flats/root",
  "criteria": {
    "requirement": {
      "trigger": "minecraft:location",
      "conditions": {
        "player": {
          "location": {
            "structures": "incendium:sanctum"
          }
        }
      }
    }
  }
}
