{
  "display": {
    "icon": {
      "id": "redstone"
    },
    "title": {
      "translate":"incendium.advancement.infernal_dunes.dune_blaze.title","fallback":"Светочувствительный"
    },
    "description": {
      "translate":"incendium.advancement.infernal_dunes.dune_blaze.desc","fallback":"Убейте одного из странных пустынников, обитающих в Инфернальных дюнах."
    },
    "frame": "task",
    "show_toast": true,
    "announce_to_chat": true,
    "hidden": false
  },
  "parent": "incendium:infernal_dunes/root",
  "criteria": {
    "requirement": {
      "trigger": "minecraft:player_killed_entity",
      "conditions": {
        "entity": {
          "type": "minecraft:blaze",
          "nbt": "{Tags:[\"in.dune_blaze\"]}",
          "location": {
            "biomes": "incendium:infernal_dunes"
          }
        }
      }
    }
  }
}
