{
  "display": {
    "icon": {
      "id": "red_sand"
    },
    "title": {
      "translate":"incendium.advancement.infernal_dunes.root.title","fallback":"Даруд - Огненный шторм"
    },
    "description": {
      "translate":"incendium.advancement.infernal_dunes.root.desc","fallback":"Почувствуйте палящий жар Адских дюн."
    },
    "frame": "task",
    "show_toast": true,
    "announce_to_chat": true,
    "hidden": false
  },
  "parent": "incendium:root",
  "criteria": {
    "incendium:infernal_dunes": {
      "trigger": "minecraft:location",
      "conditions": {
        "player": {
          "location": {
            "biomes": "incendium:infernal_dunes"
          }
        }
      }
    }
  }
}
