{
  "display": {
    "icon": {
      "id": "potion",
      "components": {
        "minecraft:potion_contents": {
          "potion": "minecraft:long_poison"
        }
      }
    },
    "title": {
      "translate":"incendium.advancement.toxic_heap.slime_poison.title","fallback":"Токсичная личность"
    },
    "description": {
      "translate":"incendium.advancement.toxic_heap.slime_poison.desc","fallback":"Отравитесь ядовитой слизью"
    },
    "frame": "task",
    "show_toast": true,
    "announce_to_chat": true,
    "hidden": false
  },
  "parent": "incendium:toxic_heap/root",
  "criteria": {
    "poison": {
      "trigger": "minecraft:effects_changed",
      "conditions": {
        "player": {
          "location": {
            "biomes": "incendium:toxic_heap"
          }
        },
        "effects": {
          "poison": {}
        }
      }
    }
  }
}
