{
  "display": {
    "icon": {
      "id": "minecraft:fire_charge"
    },
    "title": {
      "translate":"incendium.advancement.quartz_flats.feed_ghastling.title","fallback":"Накормить зверя"
    },
    "description": {
      "translate":"incendium.advancement.quartz_flats.feed_ghastling.desc","fallback":"Накормите гастлинга его странной любимой едой - огненными зарядами, чтобы заставить его следовать за вами."
    },
    "frame": "task",
    "show_toast": true,
    "announce_to_chat": true,
    "hidden": false
  },
  "parent": "incendium:quartz_flats/rescue_mission",
  "criteria": {
    "requirement": {
      "trigger": "minecraft:impossible",
      "conditions": {}
    }
  }
}
