{
  "display": {
    "icon": {
      "id": "minecraft:iron_bars"
    },
    "title": {
      "translate":"incendium.advancement.quartz_flats.rescue_mission.title","fallback":"Миссия спасения"
    },
    "description": {
      "translate":"incendium.advancement.quartz_flats.rescue_mission.desc","fallback":"Войдите в Кварцевую башню, тюрьму гастлингов."
    },
    "frame": "task",
    "show_toast": true,
    "announce_to_chat": true,
    "hidden": false
  },
  "parent": "incendium:quartz_flats/floor_is_tears",
  "criteria": {
    "requirement": {
      "trigger": "minecraft:location",
      "conditions": {
        "player": [
          {
            "condition": "minecraft:entity_properties",
            "entity": "this",
            "predicate": {
              "location": {
                "structures": "incendium:abandoned_tower"
              }
            }
          }
        ]
      }
    }
  }
}
