{
  "display": {
    "icon": {
      "id": "splash_potion",
      "components": {
        "minecraft:potion_contents": {
          "potion": "minecraft:strong_harming"
        }
      }
    },
    "title": {
      "translate":"incendium.advancement.misc.ruined_lab.title","fallback":"Алхимические опыты"
    },
    "description": {
      "translate":"incendium.advancement.misc.ruined_lab.desc","fallback":"Эксперименты Пиглина дали обратный эффект и привели к опасной ситуации"
    },
    "frame": "goal",
    "show_toast": true,
    "announce_to_chat": true,
    "hidden": false
  },
  "parent": "incendium:misc/root",
  "criteria": {
    "requirement": {
      "trigger": "minecraft:location",
      "conditions": {
        "player": {
          "location": {
            "structures": "incendium:ruined_lab"
          }
        }
      }
    }
  }
}
