[
    {
      "function": "minecraft:set_lore",
      "lore": [
        {
          "translate":"incendium.item.infernal_wings.desc1","fallback":"Пара бронированных крыльев",
          "color": "#ff1234",
          "italic": true
        },
        {
          "translate":"incendium.item.infernal_wings.desc2","fallback":"выкованные из обрезков",
          "color": "#ff1234",
          "italic": true
        },
        {
          "translate":"incendium.item.infernal_wings.desc3","fallback":"щитов Парящего инферно.",
          "color": "#ff1234",
          "italic": true
        },
        "",
        {
          "translate":"incendium","fallback":"Индивидуальный Предмет",
          "color": "#FF8000",
          "italic": true
        }
      ],
      "mode": "replace_all"
    },
    {
      "function": "minecraft:set_name",
      "name": {
        "translate":"incendium.item.infernal_wings.name","fallback":"Инфернальные крылья",
        "color": "#ff3333",
        "italic": false
      }
    },
    {
      "function": "minecraft:set_custom_data",
      "tag": "{incendium:{item:'infernal_wings'}}"
    },
    {
      "function": "minecraft:set_components",
      "components": {
        "minecraft:custom_model_data": 1450201
      }
    }
  ]