{
  "pools": [
    {
      "rolls": 1,
      "entries": [
        {
          "type": "minecraft:item",
          "name": "minecraft:diamond_axe",
          "functions": [
            {
              "function": "minecraft:set_name",
              "entity": "this",
              "name": {
                "translate": "incendium.item.blazing_hatchet.name",
                "fallback": "Пылающая секира",
                "color": "#ff6622",
                "italic": false
              }
            },
            {
              "function": "minecraft:set_lore",
              "lore": [
                {
                  "translate": "incendium.item.blazing_hatchet.desc1",
                  "fallback": "Огненный, но мощный удар",
                  "color": "#ff8844",
                  "italic": true
                },
                "",
                {
                  "translate": "incendium",
                  "fallback": "Индивидуальный Предмет",
                  "color": "#FF8000",
                  "italic": true
                }
              ],
              "mode": "replace_all"
            },
            {
              "function": "minecraft:set_custom_data",
              "tag": "{incendium:{item:'blazing_hatchet'}}"
            },
            {
              "function": "minecraft:set_components",
              "components": {
                "minecraft:custom_model_data": 1450002
              }
            }
          ]
        }
      ]
    }
  ]
}
