{
  "pools": [
    {
      "rolls": 1,
      "entries": [
        {
          "type": "minecraft:item",
          "name": "minecraft:diamond_sword",
          "functions": [
            {
              "function": "minecraft:set_lore",
              "lore": [
                {
                  "translate":"incendium.item.chilling_blade.desc1","fallback":"Замораживает души до глубины души",
                  "color": "#0055aa",
                  "italic": true
                },
                "",
                {
                  "translate":"incendium","fallback":"Индивидуальный Предмет",
                  "color": "#FF8000",
                  "italic": true
                }
              ],
              "mode": "replace_all"
            },
            {
              "function": "minecraft:set_custom_data",
              "tag": "{incendium:{item:'chilling_blade'}}"
            },
            {
              "function": "minecraft:set_components",
              "components": {
                "minecraft:custom_model_data": 1450003
              }
            },
            {
              "function": "minecraft:set_name",
              "name": {
                "translate":"incendium.item.chilling_blade.name","fallback":"Охлаждающее лезвие",
                "color": "#0088ff",
                "italic": false
              }
            }
          ]
        }
      ]
    }
  ]
}
