{
  "pools": [
    {
      "rolls": 1,
      "entries": [
        {
          "type": "minecraft:item",
          "name": "minecraft:crossbow",
          "functions": [
            {
              "function": "minecraft:set_enchantments",
              "enchantments": {
                "minecraft:piercing": 5,
                "minecraft:quick_charge": 1,
                "minecraft:mending": 1
              }
            },
            {
              "function": "minecraft:set_lore",
              "entity": "this",
              "lore": [
                {
                  "translate":"incendium.item.firestorm.desc1","fallback":"Превращает спектральные стрелки в",
                  "color": "#eb783f",
                  "italic": true
                },
                {
                  "translate":"incendium.item.firestorm.desc2","fallback":"мощная молниеносная атака",
                  "color": "#eb783f",
                  "italic": true
                },
                "",
                {
                  "translate":"incendium","fallback":"Индивидуальный Предмет",
                  "color": "#FF8000",
                  "italic": true
                }
              ],
              "mode": "replace_all"
            },
            {
              "function": "minecraft:set_name",
              "entity": "this",
              "name": [
                {
                  "translate":"incendium.item.firestorm.name","fallback":"Огненный шторм",
                  "color": "#ff4400",
                  "italic": false
                }
              ]
            },
            {
              "function": "minecraft:set_custom_data",
              "tag": "{incendium:{item:'firestorm'}}"
            },
            {
              "function": "minecraft:set_components",
              "components": {
                "minecraft:custom_model_data": 1450101,
                "minecraft:repair_cost": 1000
              }
            }
          ]
        }
      ]
    }
  ]
}
