{
  "pools": [
    {
      "rolls": 1,
      "entries": [
        {
          "type": "minecraft:item",
          "name": "minecraft:netherite_sword",
          "functions": [
            {
              "function": "minecraft:set_attributes",
              "modifiers": [
                {
                  "attribute": "minecraft:generic.attack_speed",
                  "id": "base",
                  "amount": -2.4,
                  "operation": "add_value",
                  "slot": "mainhand"
                },
                {
                  "attribute": "minecraft:generic.attack_speed",
                  "id": "base",
                  "amount": -0.45,
                  "operation": "add_multiplied_base",
                  "slot": "mainhand"
                },
                {
                  "attribute": "minecraft:generic.attack_damage",
                  "id": "base",
                  "amount": {
                    "min": 13,
                    "max": 20
                  },
                  "operation": "add_value",
                  "slot": "mainhand"
                }
              ]
            },
            {
              "function": "minecraft:set_lore",
              "entity": "this",
              "lore": [
                {
                  "translate": "incendium.item.greatsword.desc1",
                  "fallback": "Высасывает жизнь своего владельца",
                  "color": "#990000",
                  "italic": true
                },
                {
                  "translate": "incendium.item.greatsword.desc2",
                  "fallback": "нанести огромный ущерб",
                  "color": "#990000",
                  "italic": true
                },
                "",
                {
                  "translate": "incendium",
                  "fallback": "Индивидуальный Предмет",
                  "color": "#FF8000",
                  "italic": true
                }
              ],
              "mode": "replace_all"
            },
            {
              "function": "minecraft:set_name",
              "entity": "this",
              "name": {
                "translate": "incendium.item.greatsword.name",
                "fallback": "Жертвенный меч",
                "color": "#ff0000",
                "italic": false
              }
            },
            {
              "function": "minecraft:set_custom_data",
              "tag": "{incendium:{item:'greatsword_of_sacrifice'}}"
            },
            {
              "function": "minecraft:set_components",
              "components": {
                "minecraft:custom_model_data": 1450004
              }
            }
          ]
        }
      ]
    }
  ]
}
