{
  "pools": [
    {
      "rolls": 1,
      "entries": [
        {
          "type": "minecraft:item",
          "name": "minecraft:crossbow",
          "functions": [
            {
              "function": "minecraft:set_name",
              "entity": "this",
              "name": {
                "translate":"incendium.item.multiplex.name","fallback":"Мультиплекс",
                "color": "#ccbb44",
                "italic": false
              }
            },
            {
              "function": "minecraft:set_lore",
              "entity": "this",
              "lore": [
                {
                  "translate":"incendium.item.multiplex.desc1","fallback":"Выстреливает огненной струей",
                  "color": "#ddcc55",
                  "italic": true
                },
                {
                  "translate":"incendium.item.multiplex.desc2","fallback":"стрелы на ближней дистанции",
                  "color": "#ddcc55",
                  "italic": true
                },
                "",
                {
                  "translate":"incendium","fallback":"Индивидуальный Предмет",
                  "color": "#FF8000",
                  "italic": true
                }
              ],
              "mode": "replace_all"
            },
            {
              "function": "minecraft:set_custom_data",
              "tag": "{incendium:{item:'multiplex_crossbow'}}"
            },
            {
              "function": "minecraft:set_components",
              "components": {
                "minecraft:custom_model_data": 1450102
              }
            }
          ]
        }
      ]
    }
  ]
}
