{
  "pools": [
    {
      "rolls": 1,
      "entries": [
        {
          "type": "minecraft:item",
          "name": "minecraft:bow",
          "weight": 1,
          "functions": [
            {
              "function": "minecraft:set_lore",
              "lore": [
                {
                  "translate":"incendium.item.ragnarok.desc1","fallback":"Чем дольше вы сдерживаете лук,",
                  "color": "#ABC4B8",
                  "italic": true
                },
                {
                  "translate":"incendium.item.ragnarok.desc2","fallback":"чем мощнее молния, которую вы создаете",
                  "color": "#ABC4B8",
                  "italic": true
                },
                "",
                {
                  "translate":"incendium","fallback":"Индивидуальный Предмет",
                  "color": "#FF8000",
                  "italic": true
                }
              ],
              "entity": "this",
              "mode": "replace_all"
            },
            {
              "function": "minecraft:set_name",
              "name": [
                {
                  "translate":"incendium.item.ragnarok.name","fallback":"Рагнарёк",
                  "color": "#CCEBDB",
                  "italic": false
                }
              ],
              "mode": "replace_all"
            },
            {
              "function": "minecraft:set_custom_data",
              "tag": "{incendium:{item:'ragnarok'}}"
            },
            {
              "function": "minecraft:set_components",
              "components": {
                "minecraft:custom_model_data": 1450105
              }
            }
          ]
        }
      ]
    }
  ]
}
