{
  "pools": [
    {
      "rolls": 1,
      "entries": [
        {
          "type": "minecraft:item",
          "name": "minecraft:crossbow",
          "functions": [
            {
              "function": "minecraft:set_enchantments",
              "enchantments": {
                "minecraft:mending": 1,
                "minecraft:piercing": 6
              }
            },
            {
              "function": "minecraft:set_lore",
              "lore": [
                {
                  "translate":"incendium.item.firestorm.desc1","fallback":"Превращает спектральные стрелки в",
                  "color": "#0077bb",
                  "italic": true
                },
                {
                  "translate":"incendium.item.sentrys_wrath.desc2","fallback":"медленная, мощная атака.",
                  "color": "#0077bb",
                  "italic": true
                },
                {
                  "translate":"incendium.item.sentrys_wrath.desc3","fallback":"Остерегайтесь перерыва в действии.",
                  "color": "#0077bb",
                  "italic": true
                },
                "",
                {
                  "translate":"incendium","fallback":"Индивидуальный Предмет",
                  "color": "#FF8000",
                  "italic": true
                }
              ],
              "mode": "replace_all"
            },
            {
              "function": "minecraft:set_name",
              "entity": "this",
              "name": {
                "translate":"incendium.item.sentrys_wrath.name","fallback":"Гнев часового",
                "color": "#33ccff",
                "italic": false
              }
            },
            {
              "function": "minecraft:set_custom_data",
              "tag": "{incendium:{item:'sentrys_wrath'}}"
            },
            {
              "function": "minecraft:set_components",
              "components": {
                "minecraft:custom_model_data": 1450103,
                "minecraft:repair_cost": 1000
                
              }
            }
          ]
        }
      ]
    }
  ]
}
