{
  "pools": [
    {
      "rolls": 1,
      "entries": [
        {
          "type": "minecraft:item",
          "name": "minecraft:bow",
          "functions": [
            {
              "function": "minecraft:set_lore",
              "lore": [
                {
                  "translate":"incendium.item.trailblazer.desc1","fallback":"Стреляет более мощными стрелами",
                  "color": "#C46731",
                  "italic": true
                },
                {
                  "translate":"incendium.item.trailblazer.desc2","fallback":"чем дольше вы натягиваете лук.",
                  "color": "#C46731",
                  "italic": true
                },
                {
                  "translate":"incendium.item.trailblazer.desc3","fallback":"Спектральные стрелки оставляют",
                  "color": "#C46731",
                  "italic": true
                },
                {
                  "translate":"incendium.item.trailblazer.desc4","fallback":"след в сиянии.",
                  "color": "#C46731",
                  "italic": true
                },
                "",
                {
                  "translate":"incendium","fallback":"Индивидуальный Предмет",
                  "color": "#FF8000",
                  "italic": true
                }
              ],
              "mode": "replace_all"
            },
            {
              "function": "minecraft:set_name",
              "entity": "this",
              "name": {
                "translate":"incendium.item.trailblazer.name","fallback":"Блейзер",
                "color": "#F7823E",
                "italic": false
              }
            },
            {
              "function": "minecraft:set_custom_data",
              "tag": "{incendium:{item:'trailblazer'}}"
            },
            {
              "function": "minecraft:set_components",
              "components": {
                "minecraft:custom_model_data": 1450104
              }
            }
          ]
        }
      ]
    }
  ]
}
