{
  "pools": [
    {
      "rolls": 1,
      "entries": [
        {
          "type": "minecraft:item",
          "name": "minecraft:golden_sword",
          "functions": [
            {
              "function": "minecraft:set_enchantments",
              "enchantments": {
                "minecraft:unbreaking": 8,
                "minecraft:mending": 1
              }
            },
            {
              "function": "minecraft:set_name",
              "name": {
                "translate":"incendium.item.withersbane.name","fallback":"Уизерсбейн",
                "color": "#ffee99",
                "italic": false
              }
            },
            {
              "function": "minecraft:set_lore",
              "lore": [
                {
                  "translate":"incendium.item.withersbane.desc1","fallback":"Древний клинок для поражения",
                  "color": "#ffdd66",
                  "italic": true
                },
                {
                  "translate":"incendium.item.withersbane.desc2","fallback":"нечистоты из Недр",
                  "color": "#ffdd66",
                  "italic": true
                },
                "",
                {
                  "translate":"incendium","fallback":"Индивидуальный Предмет",
                  "color": "#FF8000",
                  "italic": true
                }
              ],
              "mode": "replace_all"
            },
            {
              "function": "minecraft:set_custom_data",
              "tag": "{incendium:{item:'withersbane'}}"
            },
            {
              "function": "minecraft:set_components",
              "components": {
                "minecraft:custom_model_data": 1450007
              }
            }
          ]
        }
      ]
    }
  ]
}
