{
  "pools": [
    {
      "rolls": 1,
      "entries": [
        {
          "type": "minecraft:item",
          "name": "minecraft:shield",
          "functions": [
            {
              "function": "minecraft:set_lore",
              "lore": [
                {
                  "translate": "incendium.item.radiation_shield.desc1",
                  "fallback": "Выпускает радиацию",
                  "color": "#77cc00",
                  "italic": false
                },
                {
                  "translate": "incendium.item.radiation_shield.desc2",
                  "fallback": "при блокировании атаки",
                  "color": "#77cc00",
                  "italic": false
                },
                "",
                {
                  "translate": "incendium",
                  "fallback": "Индивидуальный Предмет",
                  "color": "#FF8000",
                  "italic": true
                }
              ],
              "mode": "replace_all"
            },
            {
              "function": "minecraft:set_name",
              "entity": "this",
              "name": {
                "translate": "incendium.item.radiation_shield.name",
                "fallback": "Радиационный щит",
                "color": "#44ff00",
                "italic": false
              }
            },
            {
              "function": "minecraft:set_custom_data",
              "tag": "{incendium:{item:'radiation_shield'}}"
            },
            {
              "function": "minecraft:set_components",
              "components": {
                "minecraft:custom_model_data": 1450302,
                "minecraft:hide_additional_tooltip": {},
                "minecraft:banner_patterns": [
                  {
                    "pattern": "minecraft:base",
                    "color": "yellow"
                  },
                  {
                    "pattern": "minecraft:half_horizontal_bottom",
                    "color": "black"
                  },
                  {
                    "pattern": "minecraft:triangle_bottom",
                    "color": "yellow"
                  },
                  {
                    "pattern": "minecraft:rhombus",
                    "color": "red"
                  },
                  {
                    "pattern": "minecraft:circle",
                    "color": "black"
                  },
                  {
                    "pattern": "minecraft:flower",
                    "color": "red"
                  },
                  {
                    "pattern": "minecraft:triangle_top",
                    "color": "black"
                  }
                ]
              }
            }
          ]
        }
      ]
    }
  ]
}
