{
  "pools": [
    {
      "rolls": 1,
      "entries": [
        {
          "type": "minecraft:item",
          "name": "minecraft:ghast_spawn_egg",
          "functions": [
            {
              "function": "minecraft:set_components",
              "components": {
                "minecraft:enchantments": {},
                "minecraft:entity_data": {
                  "id": "minecraft:allay,Tags:[\"in.unborn_ghast\"],PersistenceRequired:1b,NoAI:1b,Silent:1,ArmorDropChances:[0.085F,0.085F,0.085F,0.085F],ArmorItems:[{},{},{},{}],HandItems:[{id:\"minecraft:air\"}],active_effects:[{id:\"minecraft:invisibility\",amplifier:0,duration:2147483647,show_particles:0b}]"
                }
              }
            },
            {
              "function": "minecraft:set_custom_data",
              "tag": "{incendium:{item:'ghastling_egg'}}"
            },
            {
              "function": "minecraft:set_name",
              "entity": "this",
              "name": {
                "translate": "incendium.item.ghastling_egg.name",
                "fallback": "Гастлинг",
                "color": "#ddafaf",
                "italic": false
              }
            },
            {
              "function": "minecraft:set_lore",
              "entity": "this",
              "lore": [
                {
                  "translate": "incendium.item.ghastling_egg.desc1",
                  "fallback": "Уничтожает огненные шары гаста, которые видит.",
                  "color": "#bbbbbb",
                  "italic": false
                },
                {
                  "translate": "incendium.item.ghastling_egg.desc2",
                  "fallback": "Любит есть огненные заряды.",
                  "color": "#b4b4b4",
                  "italic": false
                },
                {
                  "translate": "incendium.item.ghastling_egg.desc3",
                  "fallback": "Преданный, но ленивый",
                  "color": "#b4b4b4",
                  "italic": false
                }
              ],
              "mode": "replace_all"
            }
          ]
        }
      ]
    }
  ]
}
