{
  "display": {
    "icon": {
      "id": "minecraft:gilded_blackstone",
      "components": {
        "minecraft:enchantment_glint_override": true
      }
    },
    "title": {
      "translate":"incendium.advancement.ash_barrens.enter_castle.title","fallback":"В зале короля Пиглина"
    },
    "description": {
      "translate":"incendium.advancement.ash_barrens.enter_castle.desc","fallback":"В Золотом веке этим замком правил великий король. Но он был предан, проклят и изгнан из своего королевства. Вот что осталось."
    },
    "frame": "goal",
    "show_toast": true,
    "announce_to_chat": true,
    "hidden": false
  },
  "parent": "incendium:ash_barrens/root",
  "criteria": {
    "requirement": {
      "trigger": "minecraft:location",
      "conditions": {
        "player": {
          "location": {
            "structures": "incendium:forbidden_castle"
          }
        }
      }
    }
  }
}