{
  "display": {
    "icon": {
      "id": "smooth_basalt"
    },
    "title": {
      "translate":"incendium.advancement.ash_barrens.root.title","fallback":"Пыль оседает"
    },
    "description": {
      "translate":"incendium.advancement.ash_barrens.root.desc","fallback":"Войдите в Ясеневые болота, забытый дом Запретного замка."
    },
    "frame": "task",
    "show_toast": true,
    "announce_to_chat": true,
    "hidden": false
  },
  "parent": "incendium:root",
  "criteria": {
    "requirement": {
      "trigger": "minecraft:location",
      "conditions": {
        "player": {
          "location": {
            "biomes": "incendium:ash_barrens"
          }
        }
      }
    }
  }
}
